<?xml version="1.0" encoding="utf-8"?>
<odoo>
	<data>
		<record id="sequence_order_customer" model="ir.sequence">
			<field name="name">Customer</field>
			<field name="code">customer_ketex.seq</field>
<!--			<field name="prefix">CA</field>-->
			<field name="padding">4</field>
			<field name="company_id" eval="False"/>
		</record>
<!--		<record id="seq_order_sales_planning" model="ir.sequence">-->
<!--			<field name="name">Sales Planning</field>-->
<!--			<field name="code">sales_person_planning.sales.planning</field>-->
<!--			<field name="prefix">PL</field>-->
<!--			<field name="padding">3</field>-->
<!--			<field name="company_id" eval='False'/>-->
<!--		</record>-->
	</data>
</odoo>
